{"cameraMode":{"drawMode":0,"name":"Shaded","section":"Shading Mode"},"sceneLighting":false,"audioPlay":false,"sceneViewState":{"m_AlwaysRefresh":false,"showFog":true,"showSkybox":false,"showFlares":true,"showImageEffects":true,"showParticleSystems":true,"showVisualEffectGraphs":true,"m_FxEnabled":true},"in2DMode":false,"pivot":{"x":-10.356681823730469,"y":2.0292179584503176,"z":-0.5439237356185913},"rotation":{"x":0.2512774169445038,"y":0.21978284418582917,"z":-0.058701857924461368,"w":0.9407869577407837},"size":1.0606601238250733,"orthographic":false}